{
  "stock-data": [
    {
      "id": "AAPL",
      "name": "Apple Inc.",
      "bid": 170.6,
      "ask": 170.5,
      "change": 11.110001,
      "chgPct": 6.977767,
      "dayVol": 179935660,
      "avgVol": 97424111,
      "mktCap": 2782238343168,
      "fwdPe": 27.472582,
      "pe": 28.317541,
      "fiftyDMA": 169.1982,
      "twoHunDMA": 147.93765,
      "yearHi": 182.94,
      "yearLo": 116.21
    },
    {
      "id": "FB",
      "name": "Meta Platforms, Inc.",
      "bid": 302,
      "ask": 302.59,
      "change": 7.069977,
      "chgPct": 2.3995304,
      "dayVol": 21871620,
      "avgVol": 20700496,
      "mktCap": 839284817920,
      "fwdPe": 21.262156,
      "pe": 21.59081,
      "fiftyDMA": 328.6886,
      "twoHunDMA": 337.5294,
      "yearHi": 384.33,
      "yearLo": 253.5
    },
    {
      "id": "MSFT",
      "name": "Microsoft Corporation",
      "bid": 308.85,
      "ask": 308.65,
      "change": 8.420013,
      "chgPct": 2.808169,
      "dayVol": 49743698,
      "avgVol": 32559193,
      "mktCap": 2310985220096,
      "fwdPe": 28.809347,
      "pe": 32.83204,
      "fiftyDMA": 325.054,
      "twoHunDMA": 293.35544,
      "yearHi": 349.67,
      "yearLo": 224.26
    },
    {
      "id": "TSLA",
      "name": "Tesla, Inc.",
      "bid": 851.52,
      "ask": 852,
      "change": 17.25,
      "chgPct": 2.0805695,
      "dayVol": 44340957,
      "avgVol": 28142783,
      "mktCap": 849955389440,
      "fwdPe": 69.20278,
      "pe": 276.4043,
      "fiftyDMA": 1039.1726,
      "twoHunDMA": 813.80914,
      "yearHi": 1243.49,
      "yearLo": 539.49
    }
  ],
  "stock-price": []
}